{
    "C_36months": 0.01,
    "C_60months": 0.1,
    "fit_intercept": true,
    "n_jobs": -1,
    "max_iter": 100000,
    "class_weight": "balanced",
    "solver": "lbfgs",
    "penalty": "l2",
    "tol": 1e-06,
    "random_state": 666,
    "verbose": 0,
    "coefficients_36": {
        "loan_amnt__-inf, 5100.0_": 0.0024842564636405,
        "loan_amnt__5100.0, inf_": 0.0046688553081599,
        "int_rate__-inf, inf_": 0.0021845988444642,
        "installment__-inf, 152.66_": 0.2082978761722273,
        "installment__152.66, 175.19_": 0.0389313986168652,
        "installment__175.19, 303.162_": 0.0140341396085461,
        "installment__303.162, 356.46_": 0.0984195207897319,
        "installment__356.46, 454.401_": 0.0228013458048019,
        "installment__454.401, inf_": 0.1099670410228255,
        "emp_length__-inf, 9.0_": 0.0085935037692264,
        "emp_length__9.0, inf_": 0.0064089049242805,
        "home_ownership_MORTGAGE": 0.155639760402803,
        "home_ownership_OTHER": 0.0662661153170134,
        "home_ownership_OWN": 0.0058960965442779,
        "home_ownership_RENT": 0.0856621473856395,
        "annual_inc__-inf, 50976.48_": 0.1239641265676707,
        "annual_inc__50976.48, inf_": 0.1217795277297785,
        "grade_A": 1.3140634515898182,
        "grade_B": 0.5664122516013217,
        "grade_C": 0.0457870459277338,
        "grade_D": 0.2642237359922224,
        "grade_E": 0.4951218100800168,
        "grade_F": 0.5788256463755863,
        "grade_G": 0.5902761555155663,
        "purpose_category_Business & Career": 0.3183825513777585,
        "purpose_category_Debt & Credit Management": 0.0834517489889511,
        "purpose_category_Green & Renewable Energy": 0.0791832509161462,
        "purpose_category_Health & Emergencies": 0.0371817142447425,
        "purpose_category_Home & Property": 0.0496657993312273,
        "purpose_category_Major Purchases": 0.1808184029030028,
        "purpose_category_Personal & Lifestyle": 0.1186269664709311,
        "installment_by_loan_amnt__-inf, inf_": 0.0021845988444642,
        "installment_by_annual_inc__-inf, inf_": 0.0021845988444642,
        "income_to_loan__-inf, inf_": 0.0021845988444642,
        "train_eligible_year__-inf, 2012.0_": 0.0559487493457316,
        "train_eligible_year__2012.0, inf_": 0.0537641505012688,
        "train_eligible_quarter__-inf, 2.0_": 0.0465497132133005,
        "train_eligible_quarter__2.0, inf_": 0.0487343120577829,
        "train_eligible_month__-inf, 3.0_": 0.0040013259463991,
        "train_eligible_month__3.0, inf_": 0.0061859247846788,
        "test_eligible_year__-inf, 2009.0_": 0.0038617079376361,
        "test_eligible_year__2009.0, inf_": 0.0016771090931757,
        "test_eligible_quarter__-inf, inf_": 0.0021845988444642,
        "test_eligible_month__-inf, 3.0_": 0.0893282154286968,
        "test_eligible_month__3.0, inf_": 0.0915128142667532
    },
    "coefficients_60": {
        "loan_amnt__-inf, 11200.0_": 0.0311979527548934,
        "loan_amnt__11200.0, 19875.0_": 0.014268126685111,
        "loan_amnt__19875.0, inf_": 0.0200211600511137,
        "int_rate__-inf, 14.99_": 0.0926781035707322,
        "int_rate__14.99, inf_": 0.0895867695892901,
        "installment__-inf, 264.89_": 0.0684341052804426,
        "installment__264.89, 318.579_": 0.0121711496769559,
        "installment__318.579, inf_": 0.0531716216221427,
        "emp_length__-inf, 9.0_": 0.0283450569369086,
        "emp_length__9.0, inf_": 0.0314363909182679,
        "home_ownership_MORTGAGE": 0.0547252301031773,
        "home_ownership_OTHER": 0.1836022449850991,
        "home_ownership_OWN": 0.0434890263253422,
        "home_ownership_RENT": 0.1917471147816122,
        "annual_inc__-inf, 101000.0_": 0.1724029916980613,
        "annual_inc__101000.0, inf_": 0.1754943256794654,
        "grade_A": 1.0314173858550173,
        "grade_B": 0.471868927269401,
        "grade_C": 0.1487695382963752,
        "grade_D": 0.1015530384567666,
        "grade_E": 0.3888980134849061,
        "grade_F": 0.5062872908079693,
        "grade_G": 0.6522261746899164,
        "purpose_category_Business & Career": 0.2368077620164613,
        "purpose_category_Debt & Credit Management": 0.0263129822012126,
        "purpose_category_Green & Renewable Energy": 0.0563940293252332,
        "purpose_category_Health & Emergencies": 0.1425434257272251,
        "purpose_category_Home & Property": 0.0464180896777445,
        "purpose_category_Major Purchases": 0.0767803357032321,
        "purpose_category_Personal & Lifestyle": 0.0568642564160478,
        "installment_by_loan_amnt__-inf, inf_": 0.0030913339813913,
        "installment_by_annual_inc__-inf, inf_": 0.0030913339813913,
        "income_to_loan__-inf, inf_": 0.0030913339813913,
        "train_eligible_year__-inf, 2017.0_": 0.0377896415239211,
        "train_eligible_year__2017.0, inf_": 0.0346983075420774,
        "train_eligible_quarter__-inf, 3.0_": 0.0276296539583644,
        "train_eligible_quarter__3.0, inf_": 0.0307209879397512,
        "train_eligible_month__-inf, 6.0_": 0.0212256521067342,
        "train_eligible_month__6.0, inf_": 0.0181343181253756,
        "test_eligible_year__-inf, 2012.0_": 0.0530257119907507,
        "test_eligible_year__2012.0, inf_": 0.0561170459721428,
        "test_eligible_quarter__-inf, 2.0_": 0.0058898904642016,
        "test_eligible_quarter__2.0, inf_": 0.0027985564828576,
        "test_eligible_month__-inf, 5.0_": 0.0208255694131545,
        "test_eligible_month__5.0, inf_": 0.0239169033946198
    },
    "intercept_36": -0.357551,
    "intercept_60": 0.302155
}